-- MySQL dump 10.13  Distrib 8.0.46, for Linux (aarch64)
--
-- Host: localhost    Database: lf5
-- ------------------------------------------------------
-- Server version	8.0.46

/*!40101 SET @OLD_CHARACTER_SET_CLIENT=@@CHARACTER_SET_CLIENT */;
/*!40101 SET @OLD_CHARACTER_SET_RESULTS=@@CHARACTER_SET_RESULTS */;
/*!40101 SET @OLD_COLLATION_CONNECTION=@@COLLATION_CONNECTION */;
/*!50503 SET NAMES utf8mb4 */;
/*!40103 SET @OLD_TIME_ZONE=@@TIME_ZONE */;
/*!40103 SET TIME_ZONE='+00:00' */;
/*!40014 SET @OLD_UNIQUE_CHECKS=@@UNIQUE_CHECKS, UNIQUE_CHECKS=0 */;
/*!40014 SET @OLD_FOREIGN_KEY_CHECKS=@@FOREIGN_KEY_CHECKS, FOREIGN_KEY_CHECKS=0 */;
/*!40101 SET @OLD_SQL_MODE=@@SQL_MODE, SQL_MODE='NO_AUTO_VALUE_ON_ZERO' */;
/*!40111 SET @OLD_SQL_NOTES=@@SQL_NOTES, SQL_NOTES=0 */;

--
-- Table structure for table `allergene`
--

DROP TABLE IF EXISTS `allergene`;
/*!40101 SET @saved_cs_client     = @@character_set_client */;
/*!50503 SET character_set_client = utf8mb4 */;
CREATE TABLE `allergene` (
  `id` int unsigned NOT NULL AUTO_INCREMENT,
  `name` varchar(50) COLLATE utf8mb4_unicode_ci NOT NULL,
  PRIMARY KEY (`id`)
) ENGINE=InnoDB AUTO_INCREMENT=7 DEFAULT CHARSET=utf8mb4 COLLATE=utf8mb4_unicode_ci;
/*!40101 SET character_set_client = @saved_cs_client */;

--
-- Dumping data for table `allergene`
--

LOCK TABLES `allergene` WRITE;
/*!40000 ALTER TABLE `allergene` DISABLE KEYS */;
INSERT INTO `allergene` VALUES (1,'Gluten'),(2,'Sellerie'),(3,'Senf'),(4,'Schwefeldioxid'),(5,'Erdnüsse'),(6,'Schalenfrüchte');
/*!40000 ALTER TABLE `allergene` ENABLE KEYS */;
UNLOCK TABLES;

--
-- Table structure for table `bestellpositionen`
--

DROP TABLE IF EXISTS `bestellpositionen`;
/*!40101 SET @saved_cs_client     = @@character_set_client */;
/*!50503 SET character_set_client = utf8mb4 */;
CREATE TABLE `bestellpositionen` (
  `id` int unsigned NOT NULL AUTO_INCREMENT,
  `bestellung_id` int unsigned NOT NULL,
  `produkt_id` int unsigned NOT NULL,
  `menge` int NOT NULL,
  PRIMARY KEY (`id`),
  KEY `bestellung_id` (`bestellung_id`),
  KEY `produkt_id` (`produkt_id`),
  CONSTRAINT `bestellpositionen_ibfk_1` FOREIGN KEY (`bestellung_id`) REFERENCES `bestellungen` (`id`),
  CONSTRAINT `bestellpositionen_ibfk_2` FOREIGN KEY (`produkt_id`) REFERENCES `produkte` (`id`)
) ENGINE=InnoDB AUTO_INCREMENT=158 DEFAULT CHARSET=utf8mb4 COLLATE=utf8mb4_unicode_ci;
/*!40101 SET character_set_client = @saved_cs_client */;

--
-- Dumping data for table `bestellpositionen`
--

LOCK TABLES `bestellpositionen` WRITE;
/*!40000 ALTER TABLE `bestellpositionen` DISABLE KEYS */;
INSERT INTO `bestellpositionen` VALUES (1,1,4,2),(2,1,50,2),(3,2,50,2),(4,2,76,10),(5,2,30,1),(6,2,145,3),(7,2,133,2),(8,3,67,4),(9,3,68,8),(10,3,63,4),(11,3,76,10),(12,3,132,1),(13,4,1,3),(14,4,6,2),(15,4,25,1),(16,5,50,4),(17,5,30,2),(18,5,41,3),(19,6,4,2),(20,6,20,5),(21,6,33,2),(22,7,76,10),(23,7,86,3),(24,7,96,2),(25,8,103,2),(26,8,104,5),(27,8,132,3),(28,9,25,2),(29,9,27,1),(30,9,50,3),(31,10,68,4),(32,10,63,2),(33,10,145,1),(34,11,129,2),(35,11,130,2),(36,11,135,3),(37,12,76,5),(38,12,50,6),(39,12,4,2),(40,13,86,2),(41,13,94,1),(42,13,98,3),(43,14,103,3),(44,14,119,2),(45,14,127,4),(46,15,33,3),(47,15,34,3),(48,15,41,2),(49,16,63,5),(50,16,67,3),(51,16,68,4),(52,17,132,2),(53,17,133,3),(54,17,136,2),(55,18,50,5),(56,18,6,3),(57,18,24,2),(58,19,76,10),(59,19,77,5),(60,19,145,2),(61,20,4,3),(62,20,17,2),(63,20,25,1),(64,21,103,4),(65,21,104,3),(66,21,107,5),(67,22,68,3),(68,22,70,2),(69,22,71,4),(70,23,129,3),(71,23,132,2),(72,23,138,4),(73,24,50,8),(74,24,30,3),(75,24,6,4),(76,25,86,3),(77,25,89,2),(78,25,96,4),(79,26,76,15),(80,26,50,10),(81,26,4,5),(82,27,103,2),(83,27,117,3),(84,27,124,4),(85,28,63,6),(86,28,67,4),(87,28,145,3),(88,29,33,4),(89,29,41,3),(90,29,50,5),(91,30,132,4),(92,30,133,3),(93,30,135,2),(94,31,4,4),(95,31,6,5),(96,31,25,2),(97,32,76,8),(98,32,86,4),(99,32,94,2),(100,33,103,5),(101,33,127,3),(102,33,129,4),(103,34,50,6),(104,34,30,4),(105,34,145,2),(106,35,68,5),(107,35,70,3),(108,35,132,4),(109,36,4,3),(110,36,17,4),(111,36,24,2),(112,37,76,12),(113,37,77,8),(114,37,50,6),(115,38,103,3),(116,38,104,4),(117,38,119,2),(118,39,63,4),(119,39,67,5),(120,39,68,3),(121,40,129,4),(122,40,130,3),(123,40,132,5),(124,41,50,7),(125,41,6,4),(126,41,41,3),(127,42,86,4),(128,42,96,3),(129,42,98,2),(130,43,103,3),(131,43,117,4),(132,43,127,5),(133,44,4,5),(134,44,25,3),(135,44,50,4),(136,45,76,10),(137,45,145,3),(138,45,132,2),(139,46,33,5),(140,46,34,4),(141,46,30,3),(142,47,63,3),(143,47,68,4),(144,47,71,5),(145,48,129,5),(146,48,133,3),(147,48,136,4),(148,49,50,9),(149,49,6,5),(150,49,24,3);
/*!40000 ALTER TABLE `bestellpositionen` ENABLE KEYS */;
UNLOCK TABLES;

--
-- Table structure for table `bestellungen`
--

DROP TABLE IF EXISTS `bestellungen`;
/*!40101 SET @saved_cs_client     = @@character_set_client */;
/*!50503 SET character_set_client = utf8mb4 */;
CREATE TABLE `bestellungen` (
  `id` int unsigned NOT NULL AUTO_INCREMENT,
  `kunden_id` int unsigned NOT NULL,
  `bestelldatum` timestamp NULL DEFAULT CURRENT_TIMESTAMP,
  `betrag` decimal(10,2) NOT NULL DEFAULT '0.00',
  PRIMARY KEY (`id`),
  KEY `kunden_id` (`kunden_id`),
  CONSTRAINT `bestellungen_ibfk_1` FOREIGN KEY (`kunden_id`) REFERENCES `kunden` (`id`)
) ENGINE=InnoDB AUTO_INCREMENT=52 DEFAULT CHARSET=utf8mb4 COLLATE=utf8mb4_unicode_ci;
/*!40101 SET character_set_client = @saved_cs_client */;

--
-- Dumping data for table `bestellungen`
--

LOCK TABLES `bestellungen` WRITE;
/*!40000 ALTER TABLE `bestellungen` DISABLE KEYS */;
INSERT INTO `bestellungen` VALUES (1,838,'2024-02-11 23:00:00',4.60),(2,668,'2024-06-12 22:00:00',108.60),(3,717,'2024-05-16 22:00:00',186.00),(4,1,'2024-01-04 23:00:00',10.90),(5,15,'2024-01-11 23:00:00',10.80),(6,42,'2024-01-17 23:00:00',18.50),(7,87,'2024-01-24 23:00:00',91.10),(8,123,'2024-02-02 23:00:00',19.50),(9,201,'2024-02-13 23:00:00',8.80),(10,256,'2024-02-21 23:00:00',47.00),(11,312,'2024-02-29 23:00:00',27.50),(12,378,'2024-03-07 23:00:00',47.80),(13,445,'2024-03-14 23:00:00',11.90),(14,512,'2024-03-21 23:00:00',26.50),(15,589,'2024-04-01 22:00:00',11.40),(16,634,'2024-04-08 22:00:00',69.50),(17,701,'2024-04-15 22:00:00',26.50),(18,756,'2024-04-22 22:00:00',10.40),(19,812,'2024-05-02 22:00:00',182.00),(20,867,'2024-05-09 22:00:00',9.90),(21,923,'2024-05-23 22:00:00',24.00),(22,45,'2024-05-31 22:00:00',53.00),(23,98,'2024-06-06 22:00:00',30.50),(24,167,'2024-06-13 22:00:00',15.60),(25,234,'2024-06-20 22:00:00',17.70),(26,289,'2024-06-27 22:00:00',135.50),(27,356,'2024-07-04 22:00:00',12.50),(28,423,'2024-07-11 22:00:00',65.00),(29,478,'2024-07-18 22:00:00',13.60),(30,545,'2024-07-25 22:00:00',35.50),(31,612,'2024-08-01 22:00:00',13.60),(32,667,'2024-08-08 22:00:00',77.00),(33,734,'2024-08-15 22:00:00',34.00),(34,789,'2024-08-22 22:00:00',24.80),(35,856,'2024-09-05 22:00:00',72.50),(36,911,'2024-09-12 22:00:00',15.70),(37,23,'2024-09-19 22:00:00',244.80),(38,76,'2024-09-26 22:00:00',18.50),(39,145,'2024-10-03 22:00:00',67.00),(40,198,'2024-10-10 22:00:00',44.50),(41,267,'2024-10-17 22:00:00',12.40),(42,334,'2024-10-24 22:00:00',19.00),(43,389,'2024-10-31 23:00:00',22.00),(44,456,'2024-11-07 23:00:00',16.10),(45,523,'2024-11-14 23:00:00',106.00),(46,578,'2024-11-21 23:00:00',19.50),(47,645,'2024-12-05 23:00:00',68.00),(48,712,'2024-12-12 23:00:00',44.00),(49,767,'2024-12-19 23:00:00',17.20);
/*!40000 ALTER TABLE `bestellungen` ENABLE KEYS */;
UNLOCK TABLES;

--
-- Table structure for table `kunden`
--

DROP TABLE IF EXISTS `kunden`;
/*!40101 SET @saved_cs_client     = @@character_set_client */;
/*!50503 SET character_set_client = utf8mb4 */;
CREATE TABLE `kunden` (
  `id` int unsigned NOT NULL AUTO_INCREMENT,
  `vorname` varchar(50) COLLATE utf8mb4_unicode_ci NOT NULL,
  `nachname` varchar(50) COLLATE utf8mb4_unicode_ci NOT NULL,
  `strasse` varchar(100) COLLATE utf8mb4_unicode_ci NOT NULL,
  `hausnummer` varchar(10) COLLATE utf8mb4_unicode_ci NOT NULL,
  `ort_id` int DEFAULT NULL,
  PRIMARY KEY (`id`),
  KEY `fk_ort_id` (`ort_id`),
  CONSTRAINT `fk_ort_id` FOREIGN KEY (`ort_id`) REFERENCES `orte` (`id`)
) ENGINE=InnoDB AUTO_INCREMENT=999 DEFAULT CHARSET=utf8mb4 COLLATE=utf8mb4_unicode_ci;
/*!40101 SET character_set_client = @saved_cs_client */;

--
-- Dumping data for table `kunden`
--

LOCK TABLES `kunden` WRITE;
/*!40000 ALTER TABLE `kunden` DISABLE KEYS */;
INSERT INTO `kunden` VALUES (1,'Ajla','Yilmaz','Ahornweg','445',32),(2,'Alicia','Schulze','Ahornweg','446',33),(3,'Amin','Baumann','Ahornweg','447',34),(4,'Annelie','Seidel','Ahornweg','448',32),(5,'Armin','Ernst','Ahornweg','449',33),(6,'Ayman','Schmidt','Ahornweg','450',34),(7,'Bruno','Schmitt','Ahornweg','451',32),(8,'Charlotte','Weiß','Ahornweg','452',33),(9,'Danny','Simon','Ahornweg','453',35),(10,'Dorian','Kuhn','Ahornweg','454',32),(11,'Eleonora','Beyer','Ahornweg','455',33),(12,'Eloise','Meyer','Ahornweg','456',36),(13,'Ensar','Werner','Ahornweg','457',32),(14,'Fabienne','Möller','Ahornweg','458',33),(15,'Flynn','Ludwig','Ahornweg','459',34),(16,'Greta','Engel','Ahornweg','460',32),(17,'Helene','Kern','Ahornweg','461',33),(18,'Ilja','Hoffmann','Ahornweg','462',37),(19,'Jad','Krause','Ahornweg','463',38),(20,'Jaro','Schubert','Ahornweg','464',33),(21,'Joline','Vogt','Ahornweg','465',34),(22,'Julia','Arnold','Ahornweg','466',38),(23,'Käthe','Ott','Ahornweg','467',39),(24,'Konstantin','Richter','Ahornweg','468',40),(25,'Leander','Mayer','Ahornweg','469',38),(26,'Leonardo','Beck','Ahornweg','470',39),(27,'Lijan','Groß','Ahornweg','471',41),(28,'Liz','Pfeiffer','Ahornweg','472',38),(29,'Lucy','Hansen','Ahornweg','473',39),(30,'Mailo','Neumann','Ahornweg','474',42),(31,'Marcel','König','Ahornweg','475',38),(32,'Martin','Lorenz','Ahornweg','476',39),(33,'Maximilian','Heinrich','Ahornweg','477',34),(34,'Miguel','Lindner','Ahornweg','478',38),(35,'Mio','Müller','Ahornweg','479',39),(36,'Natalie','Zimmermann','Ahornweg','480',43),(37,'Nika','Lang','Ahornweg','481',38),(38,'Nour','Böhm','Ahornweg','482',39),(39,'Pepe','Brandt','Ahornweg','483',44),(40,'Rayan','Franz','Ahornweg','484',45),(41,'Ruby','Weber','Ahornweg','485',39),(42,'Sarah','Schmid','Ahornweg','486',46),(43,'Sophie','Jung','Ahornweg','487',45),(44,'Theodora','Winter','Ahornweg','488',39),(45,'Tommy','Kühn','Ahornweg','489',46),(46,'Vincent','Jansen','Ahornweg','490',45),(47,'Yunus','Schulz','Ahornweg','491',39),(48,'Adriana','Koch','Amselweg','45',47),(49,'Alexandru','Huber','Amselweg','46',33),(50,'Amar','Friedrich','Amselweg','47',48),(51,'Anita','Otto','Amselweg','48',47),(52,'Arian','Busch','Amselweg','49',39),(53,'Ayan','Wilhelm','Amselweg','50',49),(54,'Bilal','Schröder','Amselweg','51',47),(55,'Cecilia','Walter','Amselweg','52',39),(56,'Dalia','Winkler','Amselweg','53',50),(57,'Diego','Graf','Amselweg','54',47),(58,'Elaine','Seifert','Amselweg','55',39),(59,'Eliz','Schmidt','Amselweg','56',51),(60,'Enes','Hofmann','Amselweg','57',47),(61,'Evelina','Kaiser','Amselweg','58',39),(62,'Finn','Kraus','Amselweg','59',52),(63,'Georg','Ziegler','Amselweg','60',47),(64,'Hazel','Kramer','Amselweg','61',39),(65,'Ibrahim','Fischer','Amselweg','62',53),(66,'Issa','Krüger','Amselweg','63',47),(67,'Jannik','Scholz','Amselweg','64',39),(68,'Johanne','Albrecht','Amselweg','65',54),(69,'Josephina','Dietrich','Amselweg','66',45),(70,'Karan','Peter','Amselweg','67',39),(71,'Kimberly','Becker','Amselweg','68',46),(72,'Laya','Schmitz','Amselweg','69',45),(73,'Lenny','Keller','Amselweg','70',39),(74,'Lian','Krämer','Amselweg','71',46),(75,'Lisbeth','Horn','Amselweg','72',45),(76,'Lounis','Wenzel','Amselweg','73',39),(77,'Magnus','Bauer','Amselweg','74',46),(78,'Maliya','Lehmann','Amselweg','75',45),(79,'Marlie','Frank','Amselweg','76',32),(80,'Mattia','Stein','Amselweg','77',46),(81,'Meva','Bergmann','Amselweg','78',45),(82,'Milian','Riedel','Amselweg','79',32),(83,'Nael','Wolf','Amselweg','80',46),(84,'Neyla','Köhler','Amselweg','81',45),(85,'Noel','Berger','Amselweg','82',32),(86,'Patrick','Haas','Amselweg','83',46),(87,'Quentin','Götz','Amselweg','84',34),(88,'Ronja','Grimm','Amselweg','85',32),(89,'Samu','Braun','Amselweg','86',46),(90,'Skadi','Fuchs','Amselweg','87',55),(91,'Tara','Schuster','Amselweg','88',32),(92,'Timon','Schreiber','Amselweg','89',46),(93,'Vera','Hübner','Amselweg','90',56),(94,'Yasin','Baran','Amselweg','91',32),(95,'Abigail','Weber','Bahnhofstraße','34',45),(96,'Alena','Schmid','Bahnhofstraße','35',39),(97,'Almira','Jung','Bahnhofstraße','36',46),(98,'Amy','Winter','Bahnhofstraße','37',45),(99,'Antonia','Kühn','Bahnhofstraße','38',39),(100,'Aslan','Jansen','Bahnhofstraße','39',46),(101,'Ben','Schulz','Bahnhofstraße','40',45),(102,'Carlo','Meier','Bahnhofstraße','41',32),(103,'Christopher','Vogel','Bahnhofstraße','42',46),(104,'David','Schumacher','Bahnhofstraße','43',45),(105,'Eddy','Sauer','Bahnhofstraße','44',32),(106,'Elif','Hermann','Bahnhofstraße','45',46),(107,'Emilio','Koch','Bahnhofstraße','46',45),(108,'Esila','Huber','Bahnhofstraße','47',32),(109,'Feline','Friedrich','Bahnhofstraße','48',46),(110,'Freya','Otto','Bahnhofstraße','49',57),(111,'Hannes','Busch','Bahnhofstraße','50',32),(112,'Hermine','Wilhelm','Bahnhofstraße','51',46),(113,'Iris','Schröder','Bahnhofstraße','52',58),(114,'Jamie','Walter','Bahnhofstraße','53',32),(115,'Jayden','Winkler','Bahnhofstraße','54',46),(116,'Jonte','Graf','Bahnhofstraße','55',59),(117,'Juri','Seifert','Bahnhofstraße','56',32),(118,'Kevin','Schmidt','Bahnhofstraße','57',33),(119,'Lara','Hofmann','Bahnhofstraße','58',60),(120,'Lena','Kaiser','Bahnhofstraße','59',32),(121,'Lev','Kraus','Bahnhofstraße','60',33),(122,'Linda','Ziegler','Bahnhofstraße','61',61),(123,'Lorenzo','Kramer','Bahnhofstraße','62',32),(124,'Lutz','Fischer','Bahnhofstraße','63',33),(125,'Malena','Krüger','Bahnhofstraße','64',62),(126,'Marina','Scholz','Bahnhofstraße','65',32),(127,'Mathea','Albrecht','Bahnhofstraße','66',33),(128,'Melinda','Dietrich','Bahnhofstraße','67',63),(129,'Miko','Peter','Bahnhofstraße','68',32),(130,'Miro','Becker','Bahnhofstraße','69',33),(131,'Nela','Schmitz','Bahnhofstraße','70',64),(132,'Nilay','Keller','Bahnhofstraße','71',32),(133,'Ophelia','Krämer','Bahnhofstraße','72',33),(134,'Philippa','Horn','Bahnhofstraße','73',34),(135,'Rio','Wenzel','Bahnhofstraße','74',65),(136,'Salih','Bauer','Bahnhofstraße','75',33),(137,'Selma','Lehmann','Bahnhofstraße','76',66),(138,'Taim','Frank','Bahnhofstraße','77',65),(139,'Tiago','Stein','Bahnhofstraße','78',39),(140,'Umut','Bergmann','Bahnhofstraße','79',67),(141,'Willi','Riedel','Bahnhofstraße','80',65),(142,'Zehra','Wolf','Bahnhofstraße','81',39),(143,'Ada','Meyer','Bergstraße','46',45),(144,'Alessandro','Werner','Bergstraße','47',39),(145,'Alp','Möller','Bergstraße','48',46),(146,'Anas','Ludwig','Bergstraße','49',45),(147,'Antonio','Engel','Bergstraße','50',39),(148,'Asya','Kern','Bergstraße','51',46),(149,'Bene','Hoffmann','Bergstraße','52',45),(150,'Carlos','Krause','Bergstraße','53',39),(151,'Claire','Schubert','Bergstraße','54',46),(152,'Dea','Vogt','Bergstraße','55',45),(153,'Edgar','Arnold','Bergstraße','56',32),(154,'Elijah','Ott','Bergstraße','57',46),(155,'Emily','Richter','Bergstraße','58',45),(156,'Eslem','Mayer','Bergstraße','59',32),(157,'Felix','Beck','Bergstraße','60',46),(158,'Fridolin','Groß','Bergstraße','61',45),(159,'Hanno','Pfeiffer','Bergstraße','62',32),(160,'Hilda','Hansen','Bergstraße','63',46),(161,'Irma','Neumann','Bergstraße','64',68),(162,'Jamila','König','Bergstraße','65',32),(163,'Jella','Lorenz','Bergstraße','66',46),(164,'Joost','Heinrich','Bergstraße','67',69),(165,'Justus','Lindner','Bergstraße','68',32),(166,'Khadija','Müller','Bergstraße','69',46),(167,'Larissa','Zimmermann','Bergstraße','70',70),(168,'Lene','Lang','Bergstraße','71',32),(169,'Levi','Böhm','Bergstraße','72',33),(170,'Linnea','Brandt','Bergstraße','73',61),(171,'Lorik','Franz','Bergstraße','74',32),(172,'Lydia','Weber','Bergstraße','75',33),(173,'Maleo','Schmid','Bergstraße','76',71),(174,'Mario','Jung','Bergstraße','77',32),(175,'Mathilda','Winter','Bergstraße','78',33),(176,'Melisa','Kühn','Bergstraße','79',63),(177,'Mila','Jansen','Bergstraße','80',32),(178,'Miron','Schulz','Bergstraße','81',33),(179,'Nele','Meier','Bergstraße','82',72),(180,'Nilo','Vogel','Bergstraße','83',32),(181,'Oskar','Schumacher','Bergstraße','84',33),(182,'Philomena','Sauer','Bergstraße','85',34),(183,'Rita','Hermann','Bergstraße','86',32),(184,'Salma','Koch','Bergstraße','87',33),(185,'Sena','Huber','Bergstraße','88',57),(186,'Tala','Friedrich','Bergstraße','89',73),(187,'Tian','Otto','Bergstraße','90',33),(188,'Una','Busch','Bergstraße','91',58),(189,'William','Wilhelm','Bergstraße','92',73),(190,'Zeyd','Schröder','Bergstraße','93',39),(191,'Adam','Wagner','Birkenweg','17',47),(192,'Alessia','Lange','Birkenweg','18',39),(193,'Alparslan','Hahn','Birkenweg','19',74),(194,'Anastasia','Martin','Birkenweg','20',45),(195,'Aram','Pohl','Birkenweg','21',39),(196,'August','Barth','Birkenweg','22',46),(197,'Benedikt','Schäfer','Birkenweg','23',45),(198,'Carlotta','Maier','Birkenweg','24',39),(199,'Clara','Roth','Birkenweg','25',46),(200,'Dean','Jäger','Birkenweg','26',45),(201,'Ediz','Thomas','Birkenweg','27',39),(202,'Elin','Paul','Birkenweg','28',46),(203,'Emin','Klein','Birkenweg','29',45),(204,'Esma','Herrmann','Birkenweg','30',32),(205,'Fenja','Günther','Birkenweg','31',46),(206,'Frieda','Sommer','Birkenweg','32',45),(207,'Hans','Voigt','Birkenweg','33',32),(208,'Hira','Nagel','Birkenweg','34',46),(209,'Isa','Schwarz','Birkenweg','35',45),(210,'Jan','Schulze','Birkenweg','36',32),(211,'Jesper','Baumann','Birkenweg','37',46),(212,'Jordan','Seidel','Birkenweg','38',75),(213,'Kaan','Ernst','Birkenweg','39',32),(214,'Khaled','Akpulat','Birkenweg','40',46),(215,'Lars','Schmitt','Birkenweg','41',76),(216,'Leni','Weiß','Birkenweg','42',32),(217,'Levin','Simon','Birkenweg','43',46),(218,'Lino','Kuhn','Birkenweg','44',61),(219,'Loris','Beyer','Birkenweg','45',32),(220,'Lynn','Meyer','Birkenweg','46',33),(221,'Malia','Werner','Birkenweg','47',77),(222,'Marius','Möller','Birkenweg','48',32),(223,'Mathilde','Ludwig','Birkenweg','49',33),(224,'Melissa','Engel','Birkenweg','50',63),(225,'Milan','Kern','Birkenweg','51',32),(226,'Mohammed','Kurum','Birkenweg','52',33),(227,'Nelia','Krause','Birkenweg','53',78),(228,'Nils','Schubert','Birkenweg','54',32),(229,'Osman','Vogt','Birkenweg','55',33),(230,'Phoebe','Arnold','Birkenweg','56',34),(231,'Robert','Ott','Birkenweg','57',32),(232,'Salome','Richter','Birkenweg','58',33),(233,'Sidra','Dere','Birkenweg','59',79),(234,'Talea','Beck','Birkenweg','60',32),(235,'Tiana','Groß','Birkenweg','61',33),(236,'Valentin','Pfeiffer','Birkenweg','62',68),(237,'Wilma','Hansen','Birkenweg','63',47),(238,'Zeynep','Baran','Birkenweg','64',33),(239,'Ahmet','Wolf','Buchenweg','55',32),(240,'Ali','Köhler','Buchenweg','56',33),(241,'Amelia','Berger','Buchenweg','57',80),(242,'Annabell','Haas','Buchenweg','58',32),(243,'Arin','Götz','Buchenweg','59',33),(244,'Ayla','Grimm','Buchenweg','60',81),(245,'Bo','Braun','Buchenweg','61',32),(246,'Celine','Fuchs','Buchenweg','62',33),(247,'Dana','Schuster','Buchenweg','63',51),(248,'Dion','Schreiber','Buchenweg','64',82),(249,'Elena','Hübner','Buchenweg','65',33),(250,'Ellen','Schneider','Buchenweg','66',35),(251,'Enni','Hartmann','Buchenweg','67',82),(252,'Evin','Peters','Buchenweg','68',39),(253,'Florentin','Franke','Buchenweg','69',83),(254,'Gloria','Schulte','Buchenweg','70',82),(255,'Heidi','Wolff','Buchenweg','71',39),(256,'Ilaria','Wagner','Buchenweg','72',84),(257,'Ivar','Lange','Buchenweg','73',82),(258,'Janosch','Hahn','Buchenweg','74',39),(259,'Joleen','Martin','Buchenweg','75',85),(260,'Josie','Pohl','Buchenweg','76',82),(261,'Karlie','Barth','Buchenweg','77',39),(262,'Kjell','Schäfer','Buchenweg','78',86),(263,'Lea','Maier','Buchenweg','79',82),(264,'Leon','Roth','Buchenweg','80',39),(265,'Liara','Jäger','Buchenweg','81',41),(266,'Livia','Thomas','Buchenweg','82',82),(267,'Luca','Paul','Buchenweg','83',39),(268,'Mahmoud','Akpulat','Buchenweg','84',87),(269,'Manuel','Herrmann','Buchenweg','85',45),(270,'Marlon','Günther','Buchenweg','86',39),(271,'Mavie','Sommer','Buchenweg','87',46),(272,'Michel','Voigt','Buchenweg','88',45),(273,'Milo','Nagel','Buchenweg','89',39),(274,'Nala','Schwarz','Buchenweg','90',46),(275,'Nico','Schulze','Buchenweg','91',45),(276,'Nola','Baumann','Buchenweg','92',39),(277,'Paulina','Seidel','Buchenweg','93',46),(278,'Rahel','Ernst','Buchenweg','94',45),(279,'Rose','Schmidt','Buchenweg','95',32),(280,'Sanad','Schmitt','Buchenweg','96',46),(281,'Solea','Weiß','Buchenweg','97',45),(282,'Thea','Simon','Buchenweg','98',32),(283,'Titus','Kuhn','Buchenweg','99',46),(284,'Victoria','Beyer','Buchenweg','100',45),(285,'Ylvie','Meyer','Buchenweg','101',32),(286,'Abdullah','Yilmaz','Dorfstraße','9',45),(287,'Alea','Krüger','Dorfstraße','10',39),(288,'Alma','Scholz','Dorfstraße','11',46),(289,'Amra','Albrecht','Dorfstraße','12',45),(290,'Antoni','Dietrich','Dorfstraße','13',32),(291,'Asel','Peter','Dorfstraße','14',46),(292,'Bella','Becker','Dorfstraße','15',45),(293,'Carla','Schmitz','Dorfstraße','16',32),(294,'Christoph','Keller','Dorfstraße','17',46),(295,'Darya','Krämer','Dorfstraße','18',45),(296,'Edda','Horn','Dorfstraße','19',32),(297,'Elias','Wenzel','Dorfstraße','20',46),(298,'Emilian','Bauer','Dorfstraße','21',34),(299,'Erwin','Lehmann','Dorfstraße','22',32),(300,'Felina','Frank','Dorfstraße','23',46),(301,'Frederik','Stein','Dorfstraße','24',66),(302,'Hannah','Bergmann','Dorfstraße','25',32),(303,'Henry','Riedel','Dorfstraße','26',46),(304,'Inaya','Wolf','Dorfstraße','27',67),(305,'James','Köhler','Dorfstraße','28',32),(306,'Jasper','Berger','Dorfstraße','29',33),(307,'Jonne','Haas','Dorfstraße','30',88),(308,'Junis','Götz','Dorfstraße','31',32),(309,'Kerim','Erol','Dorfstraße','32',33),(310,'Lani','Braun','Dorfstraße','33',89),(311,'Leif','Fuchs','Dorfstraße','34',32),(312,'Letizia','Schuster','Dorfstraße','35',33),(313,'Lina','Schreiber','Dorfstraße','36',61),(314,'Lorenz','Hübner','Dorfstraße','37',32),(315,'Luna','Schneider','Dorfstraße','38',33),(316,'Malek','Hartmann','Dorfstraße','39',90),(317,'Mariella','Peters','Dorfstraße','40',32),(318,'Matei','Franke','Dorfstraße','41',33),(319,'Melina','Schulte','Dorfstraße','42',63),(320,'Mikkel','Wolff','Dorfstraße','43',32),(321,'Miriam','Wagner','Dorfstraße','44',33),(322,'Nefes','Lange','Dorfstraße','45',91),(323,'Nila','Hahn','Dorfstraße','46',92),(324,'Ömer','Dere','Dorfstraße','47',33),(325,'Philipp','Pohl','Dorfstraße','48',34),(326,'Rieke','Barth','Dorfstraße','49',92),(327,'Safiya','Schäfer','Dorfstraße','50',39),(328,'Selina','Maier','Dorfstraße','51',93),(329,'Taha','Roth','Dorfstraße','52',92),(330,'Thorin','Jäger','Dorfstraße','53',39),(331,'Tyler','Thomas','Dorfstraße','54',94),(332,'Wilhelm','Paul','Dorfstraße','55',92),(333,'Zayn','Klein','Dorfstraße','56',39),(334,'Alan','Braun','Feldstraße','45',32),(335,'Alina','Fuchs','Feldstraße','46',46),(336,'Amina','Schuster','Feldstraße','47',95),(337,'Anni','Schreiber','Feldstraße','48',32),(338,'Arne','Hübner','Feldstraße','49',33),(339,'Azad','Schneider','Feldstraße','50',96),(340,'Caleb','Hartmann','Feldstraße','51',32),(341,'Chiara','Peters','Feldstraße','52',33),(342,'Dante','Franke','Feldstraße','53',97),(343,'Dorothea','Schulte','Feldstraße','54',32),(344,'Eleyna','Wolff','Feldstraße','55',33),(345,'Elsa','Wagner','Feldstraße','56',50),(346,'Enya','Lange','Feldstraße','57',32),(347,'Fabio','Hahn','Feldstraße','58',33),(348,'Francesco','Martin','Feldstraße','59',85),(349,'Gustav','Pohl','Feldstraße','60',98),(350,'Helin','Barth','Feldstraße','61',33),(351,'Ilyas','Schäfer','Feldstraße','62',34),(352,'Jade','Maier','Feldstraße','63',32),(353,'Jaron','Roth','Feldstraße','64',33),(354,'Jon','Jäger','Feldstraße','65',85),(355,'Julian','Thomas','Feldstraße','66',99),(356,'Kayla','Erol','Feldstraße','67',33),(357,'Korbinian','Klein','Feldstraße','68',100),(358,'Leandra','Herrmann','Feldstraße','69',99),(359,'Leonhard','Günther','Feldstraße','70',39),(360,'Lilia','Sommer','Feldstraße','71',41),(361,'Logan','Voigt','Feldstraße','72',99),(362,'Ludwig','Nagel','Feldstraße','73',39),(363,'Maira','Schwarz','Feldstraße','74',101),(364,'Marco','Schulze','Feldstraße','75',99),(365,'Marvin','Baumann','Feldstraße','76',39),(366,'Medina','Seidel','Feldstraße','77',34),(367,'Mihra','Ernst','Feldstraße','78',99),(368,'Mira','Schmidt','Feldstraße','79',39),(369,'Nathan','Schmitt','Feldstraße','80',102),(370,'Nikita','Weiß','Feldstraße','81',99),(371,'Nova','Simon','Feldstraße','82',39),(372,'Petar','Kuhn','Feldstraße','83',103),(373,'Rebecca','Beyer','Feldstraße','84',99),(374,'Rudi','Meyer','Feldstraße','85',39),(375,'Sare','Werner','Feldstraße','86',104),(376,'Stefan','Möller','Feldstraße','87',45),(377,'Theresa','Ludwig','Feldstraße','88',39),(378,'Toni','Engel','Feldstraße','89',46),(379,'Viola','Kern','Feldstraße','90',45),(380,'Yusuf','Hoffmann','Feldstraße','91',39),(381,'Abdul','Yilmaz','Gartenstraße','8',45),(382,'Albert','Hartmann','Gartenstraße','9',32),(383,'Alissa','Peters','Gartenstraße','10',46),(384,'Ammar','Franke','Gartenstraße','11',45),(385,'Anton','Schulte','Gartenstraße','12',32),(386,'Arya','Wolff','Gartenstraße','13',46),(387,'Bela','Wagner','Gartenstraße','14',45),(388,'Carina','Lange','Gartenstraße','15',32),(389,'Christina','Hahn','Gartenstraße','16',46),(390,'Darius','Martin','Gartenstraße','17',105),(391,'Eda','Pohl','Gartenstraße','18',32),(392,'Eliano','Barth','Gartenstraße','19',46),(393,'Emilia','Schäfer','Gartenstraße','20',34),(394,'Erna','Maier','Gartenstraße','21',32),(395,'Felicitas','Roth','Gartenstraße','22',46),(396,'Fred','Jäger','Gartenstraße','23',93),(397,'Hamza','Thomas','Gartenstraße','24',32),(398,'Henrik','Paul','Gartenstraße','25',33),(399,'Ina','Klein','Gartenstraße','26',94),(400,'Jamal','Herrmann','Gartenstraße','27',32),(401,'Jason','Günther','Gartenstraße','28',33),(402,'Jonna','Sommer','Gartenstraße','29',74),(403,'Juna','Voigt','Gartenstraße','30',32),(404,'Kerem','Erol','Gartenstraße','31',33),(405,'Lana','Schwarz','Gartenstraße','32',106),(406,'Leia','Schulze','Gartenstraße','33',32),(407,'Leopold','Baumann','Gartenstraße','34',33),(408,'Lilly','Seidel','Gartenstraße','35',41),(409,'Lorena','Ernst','Gartenstraße','36',32),(410,'Luke','Schmidt','Gartenstraße','37',33),(411,'Malea','Schmitt','Gartenstraße','38',107),(412,'Marie','Weiß','Gartenstraße','39',32),(413,'Mason','Simon','Gartenstraße','40',33),(414,'Melia','Kuhn','Gartenstraße','41',63),(415,'Mike','Beyer','Gartenstraße','42',108),(416,'Miray','Kurum','Gartenstraße','43',33),(417,'Nea','Werner','Gartenstraße','44',109),(418,'Nikolai','Möller','Gartenstraße','45',108),(419,'Omar','Ludwig','Gartenstraße','46',39),(420,'Philine','Engel','Gartenstraße','47',34),(421,'Richard','Kern','Gartenstraße','48',108),(422,'Ryan','Hoffmann','Gartenstraße','49',39),(423,'Selin','Krause','Gartenstraße','50',110),(424,'Tabea','Schubert','Gartenstraße','51',108),(425,'Thore','Vogt','Gartenstraße','52',39),(426,'Tuana','Arnold','Gartenstraße','53',111),(427,'Wanda','Ott','Gartenstraße','54',108),(428,'Zarah','Richter','Gartenstraße','55',39),(429,'Adriano','Richter','Goethestraße','55',32),(430,'Alara','Hofmann','Goethestraße','13',32),(431,'Aleyna','Mayer','Goethestraße','56',33),(432,'Alisa','Kaiser','Goethestraße','14',46),(433,'Amara','Beck','Goethestraße','57',112),(434,'Amine','Kraus','Goethestraße','15',113),(435,'Anja','Groß','Goethestraße','58',108),(436,'Annika','Ziegler','Goethestraße','16',32),(437,'Ariana','Pfeiffer','Goethestraße','59',33),(438,'Arno','Kramer','Goethestraße','17',46),(439,'Ayana','Hansen','Goethestraße','60',114),(440,'Azra','Fischer','Goethestraße','18',115),(441,'Bjarne','Neumann','Goethestraße','61',108),(442,'Camilla','Krüger','Goethestraße','19',32),(443,'Celia','König','Goethestraße','62',39),(444,'Chloe','Scholz','Goethestraße','20',33),(445,'Damian','Lorenz','Goethestraße','63',105),(446,'Daria','Albrecht','Goethestraße','21',116),(447,'Dilara','Heinrich','Goethestraße','64',108),(448,'Dua','Dietrich','Goethestraße','22',32),(449,'Elea','Lindner','Goethestraße','65',39),(450,'Elia','Peter','Goethestraße','23',33),(451,'Eliza','Müller','Goethestraße','66',117),(452,'Emanuel','Becker','Goethestraße','24',105),(453,'Enie','Zimmermann','Goethestraße','67',108),(454,'Enzo','Schmitz','Goethestraße','25',32),(455,'Evelyn','Lang','Goethestraße','68',39),(456,'Fatima','Keller','Goethestraße','26',33),(457,'Fiona','Böhm','Goethestraße','69',48),(458,'Franka','Krämer','Goethestraße','27',95),(459,'Giulia','Brandt','Goethestraße','70',118),(460,'Hadi','Horn','Goethestraße','28',32),(461,'Hedda','Franz','Goethestraße','71',39),(462,'Hendrik','Wenzel','Goethestraße','29',33),(463,'Ida','Weber','Goethestraße','72',49),(464,'Iman','Bauer','Goethestraße','30',96),(465,'Iva','Schmid','Goethestraße','73',108),(466,'Jakob','Lehmann','Goethestraße','31',32),(467,'Jannis','Jung','Goethestraße','74',39),(468,'Jascha','Frank','Goethestraße','32',33),(469,'Johannes','Winter','Goethestraße','75',61),(470,'Jonah','Stein','Goethestraße','33',85),(471,'Josephine','Kühn','Goethestraße','76',108),(472,'Juliana','Bergmann','Goethestraße','34',32),(473,'Karim','Erol','Goethestraße','77',39),(474,'Keanu','Riedel','Goethestraße','35',33),(475,'Kira','Schulz','Goethestraße','78',119),(476,'Kuno','Wolf','Goethestraße','36',120),(477,'Layan','Meier','Goethestraße','79',45),(478,'Leandro','Köhler','Goethestraße','37',108),(479,'Leno','Vogel','Goethestraße','80',39),(480,'Leonidas','Berger','Goethestraße','38',33),(481,'Liana','Schumacher','Goethestraße','81',46),(482,'Lilian','Haas','Goethestraße','39',41),(483,'Liv','Sauer','Goethestraße','82',45),(484,'Loki','Götz','Goethestraße','40',108),(485,'Luan','Hermann','Goethestraße','83',39),(486,'Luisa','Grimm','Goethestraße','41',39),(487,'Mahdi','Koch','Goethestraße','84',46),(488,'Maja','Braun','Goethestraße','42',121),(489,'Malou','Kurum','Goethestraße','85',45),(490,'Maria','Fuchs','Goethestraße','43',108),(491,'Marlies','Friedrich','Goethestraße','86',39),(492,'Mary','Schuster','Goethestraße','44',39),(493,'Mattis','Otto','Goethestraße','87',46),(494,'Mehmet','Schreiber','Goethestraße','45',63),(495,'Mia','Busch','Goethestraße','88',45),(496,'Mika','Hübner','Goethestraße','46',108),(497,'Milla','Wilhelm','Goethestraße','89',32),(498,'Mirac','Kurum','Goethestraße','47',39),(499,'Naemi','Schröder','Goethestraße','90',46),(500,'Nathanael','Hartmann','Goethestraße','48',122),(501,'Nia','Walter','Goethestraße','91',45),(502,'Niklas','Peters','Goethestraße','49',108),(503,'Noelia','Winkler','Goethestraße','92',32),(504,'Ole','Franke','Goethestraße','50',39),(505,'Paul','Graf','Goethestraße','93',46),(506,'Peter','Schulte','Goethestraße','51',123),(507,'Quirin','Seifert','Goethestraße','94',45),(508,'Rejan','Wolff','Goethestraße','52',108),(509,'Rosa','Schmidt','Goethestraße','95',32),(510,'Runa','Wagner','Goethestraße','53',39),(511,'Samuel','Hofmann','Goethestraße','96',46),(512,'Sebastian','Lange','Goethestraße','54',85),(513,'Smilla','Kaiser','Goethestraße','97',43),(514,'Stella','Hahn','Goethestraße','55',108),(515,'Tessa','Kraus','Goethestraße','98',32),(516,'Thies','Martin','Goethestraße','56',39),(517,'Timur','Ziegler','Goethestraße','99',46),(518,'Toni','Pohl','Goethestraße','57',34),(519,'Verena','Kramer','Goethestraße','100',44),(520,'Vito','Barth','Goethestraße','58',45),(521,'Wolf','Schmidt','Goethestraße','12',124),(522,'Yazan','Baran','Goethestraße','101',32),(523,'Zahra','Schäfer','Goethestraße','59',39),(524,'Aaliyah','Müller','Hauptstraße','23',45),(525,'Alaya','Mutlu','Hauptstraße','24',32),(526,'Alisha','Mutlu','Hauptstraße','25',46),(527,'Amir','Böhm','Hauptstraße','26',110),(528,'Anouk','Brandt','Hauptstraße','27',32),(529,'Arthur','Franz','Hauptstraße','28',46),(530,'Baran','Weber','Hauptstraße','29',111),(531,'Can','Schmid','Hauptstraße','30',32),(532,'Chris','Jung','Hauptstraße','31',46),(533,'Darian','Winter','Hauptstraße','32',36),(534,'Dylan','Kühn','Hauptstraße','33',32),(535,'Elian','Jansen','Hauptstraße','34',33),(536,'Emely','Schulz','Hauptstraße','35',124),(537,'Eren','Meier','Hauptstraße','36',32),(538,'Felia','Vogel','Hauptstraße','37',33),(539,'Franz','Schumacher','Hauptstraße','38',34),(540,'Hafsa','Sauer','Hauptstraße','39',32),(541,'Henning','Hermann','Hauptstraße','40',33),(542,'Imani','Koch','Hauptstraße','41',115),(543,'Jakov','Huber','Hauptstraße','42',32),(544,'Jasmin','Friedrich','Hauptstraße','43',33),(545,'Jonas','Otto','Hauptstraße','44',85),(546,'Julie','Busch','Hauptstraße','45',32),(547,'Kenan','Wilhelm','Hauptstraße','46',33),(548,'Kurt','Schröder','Hauptstraße','47',125),(549,'Leano','Walter','Hauptstraße','48',32),(550,'Leonie','Winkler','Hauptstraße','49',33),(551,'Liliana','Graf','Hauptstraße','50',41),(552,'Lola','Seifert','Hauptstraße','51',126),(553,'Luise','Schmidt','Hauptstraße','52',33),(554,'Majvi','Akpulat','Hauptstraße','53',127),(555,'Mariam','Kaiser','Hauptstraße','54',126),(556,'Masa','Kraus','Hauptstraße','55',39),(557,'Melanie','Ziegler','Hauptstraße','56',63),(558,'Mikael','Kramer','Hauptstraße','57',126),(559,'Miral','Fischer','Hauptstraße','58',39),(560,'Naya','Krüger','Hauptstraße','59',128),(561,'Nikodem','Scholz','Hauptstraße','60',126),(562,'Oliver','Albrecht','Hauptstraße','61',39),(563,'Phil','Dietrich','Hauptstraße','62',129),(564,'Ria','Peter','Hauptstraße','63',126),(565,'Rune','Becker','Hauptstraße','64',39),(566,'Selena','Schmitz','Hauptstraße','65',95),(567,'Svea','Keller','Hauptstraße','66',126),(568,'Thilo','Krämer','Hauptstraße','67',39),(569,'Torben','Horn','Hauptstraße','68',96),(570,'Vitus','Wenzel','Hauptstraße','69',126),(571,'Zaid','Bauer','Hauptstraße','70',39),(572,'Aiden','Schröder','Jahnstraße','454',32),(573,'Alia','Walter','Jahnstraße','455',33),(574,'Amelie','Winkler','Jahnstraße','456',130),(575,'Annalena','Graf','Jahnstraße','457',32),(576,'Arina','Seifert','Jahnstraße','458',33),(577,'Aylin','Schmidt','Jahnstraße','459',131),(578,'Bosse','Hofmann','Jahnstraße','460',32),(579,'Ceylin','Kaiser','Jahnstraße','461',33),(580,'Daniel','Kraus','Jahnstraße','462',117),(581,'Diyan','Ziegler','Jahnstraße','463',32),(582,'Eleni','Kramer','Jahnstraße','464',33),(583,'Elli','Fischer','Jahnstraße','465',97),(584,'Enno','Krüger','Jahnstraße','466',65),(585,'Eymen','Scholz','Jahnstraße','467',33),(586,'Florentine','Albrecht','Jahnstraße','468',80),(587,'Grace','Dietrich','Jahnstraße','469',65),(588,'Helen','Peter','Jahnstraße','470',39),(589,'Ilay','Becker','Jahnstraße','471',81),(590,'Ivy','Schmitz','Jahnstraße','472',65),(591,'Jari','Keller','Jahnstraße','473',39),(592,'Jolie','Krämer','Jahnstraße','474',85),(593,'Josua','Horn','Jahnstraße','475',65),(594,'Kate','Wenzel','Jahnstraße','476',39),(595,'Klaas','Bauer','Jahnstraße','477',132),(596,'Lean','Lehmann','Jahnstraße','478',65),(597,'Leona','Frank','Jahnstraße','479',39),(598,'Lias','Stein','Jahnstraße','480',41),(599,'Liya','Akpulat','Jahnstraße','481',65),(600,'Lucia','Riedel','Jahnstraße','482',39),(601,'Maila','Wolf','Jahnstraße','483',133),(602,'Mara','Köhler','Jahnstraße','484',65),(603,'Marten','Berger','Jahnstraße','485',39),(604,'Max','Haas','Jahnstraße','486',34),(605,'Michelle','Götz','Jahnstraße','487',45),(606,'Mina','Grimm','Jahnstraße','488',39),(607,'Naomi','Braun','Jahnstraße','489',46),(608,'Nicolas','Fuchs','Jahnstraße','490',45),(609,'Nolan','Schuster','Jahnstraße','491',39),(610,'Pauline','Schreiber','Jahnstraße','492',46),(611,'Raphael','Hübner','Jahnstraße','493',45),(612,'Rosi','Schneider','Jahnstraße','494',39),(613,'Sanna','Hartmann','Jahnstraße','495',46),(614,'Sonja','Peters','Jahnstraße','496',45),(615,'Theo','Franke','Jahnstraße','497',32),(616,'Tobias','Schulte','Jahnstraße','498',46),(617,'Viktor','Wolff','Jahnstraße','499',45),(618,'Younes','Wagner','Jahnstraße','500',32),(619,'Adelina','Schulz','Kirchstraße','33',47),(620,'Alex','Meier','Kirchstraße','34',39),(621,'Alwin','Vogel','Kirchstraße','35',59),(622,'Andreas','Schumacher','Kirchstraße','36',47),(623,'Arda','Sauer','Kirchstraße','37',39),(624,'Aurelia','Hermann','Kirchstraße','38',60),(625,'Bennet','Koch','Kirchstraße','39',47),(626,'Carolina','Huber','Kirchstraße','40',39),(627,'Clemens','Friedrich','Kirchstraße','41',35),(628,'Delia','Otto','Kirchstraße','42',45),(629,'Efe','Busch','Kirchstraße','43',39),(630,'Elio','Wilhelm','Kirchstraße','44',46),(631,'Emine','Schröder','Kirchstraße','45',45),(632,'Esther','Walter','Kirchstraße','46',39),(633,'Fiete','Winkler','Kirchstraße','47',46),(634,'Fritz','Graf','Kirchstraße','48',45),(635,'Hasan','Seifert','Kirchstraße','49',39),(636,'Hope','Schmidt','Kirchstraße','50',46),(637,'Isabell','Hofmann','Kirchstraße','51',45),(638,'Janna','Kaiser','Kirchstraße','52',32),(639,'Joana','Kraus','Kirchstraße','53',46),(640,'Joris','Ziegler','Kirchstraße','54',45),(641,'Kaja','Kramer','Kirchstraße','55',32),(642,'Kiana','Fischer','Kirchstraße','56',46),(643,'Laura','Krüger','Kirchstraße','57',45),(644,'Lenja','Scholz','Kirchstraße','58',32),(645,'Levke','Albrecht','Kirchstraße','59',46),(646,'Lio','Dietrich','Kirchstraße','60',61),(647,'Lotte','Peter','Kirchstraße','61',32),(648,'Madita','Becker','Kirchstraße','62',46),(649,'Malika','Schmitz','Kirchstraße','63',119),(650,'Marla','Keller','Kirchstraße','64',32),(651,'Matteo','Krämer','Kirchstraße','65',46),(652,'Merle','Horn','Kirchstraße','66',63),(653,'Milas','Wenzel','Kirchstraße','67',32),(654,'Moritz','Bauer','Kirchstraße','68',33),(655,'Nelly','Lehmann','Kirchstraße','69',134),(656,'Nino','Frank','Kirchstraße','70',32),(657,'Otto','Stein','Kirchstraße','71',33),(658,'Piet','Bergmann','Kirchstraße','72',34),(659,'Roman','Riedel','Kirchstraße','73',32),(660,'Sama','Wolf','Kirchstraße','74',33),(661,'Silas','Köhler','Kirchstraße','75',135),(662,'Tamina','Berger','Kirchstraße','76',32),(663,'Tilda','Haas','Kirchstraße','77',33),(664,'Valentino','Götz','Kirchstraße','78',136),(665,'Xenia','Grimm','Kirchstraße','79',32),(666,'Zoey','Braun','Kirchstraße','80',33),(667,'Adele','Becker','Lindenstraße','353',47),(668,'Alessio','Schmitz','Lindenstraße','354',39),(669,'Alva','Keller','Lindenstraße','355',88),(670,'Andrea','Krämer','Lindenstraße','356',47),(671,'Aras','Mutlu','Lindenstraße','357',39),(672,'Aurel','Wenzel','Lindenstraße','358',89),(673,'Benjamin','Bauer','Lindenstraße','359',45),(674,'Carolin','Lehmann','Lindenstraße','360',39),(675,'Clea','Frank','Lindenstraße','361',46),(676,'Defne','Stein','Lindenstraße','362',45),(677,'Eduard','Bergmann','Lindenstraße','363',39),(678,'Elina','Riedel','Lindenstraße','364',46),(679,'Emina','Wolf','Lindenstraße','365',45),(680,'Esra','Köhler','Lindenstraße','366',39),(681,'Ferdinand','Berger','Lindenstraße','367',46),(682,'Friedrich','Haas','Lindenstraße','368',45),(683,'Harun','Götz','Lindenstraße','369',32),(684,'Holly','Grimm','Lindenstraße','370',46),(685,'Isaac','Braun','Lindenstraße','371',45),(686,'Jana','Fuchs','Lindenstraße','372',32),(687,'Jette','Schuster','Lindenstraße','373',46),(688,'Jorik','Schreiber','Lindenstraße','374',45),(689,'Kai','Hübner','Lindenstraße','375',32),(690,'Kian','Schneider','Lindenstraße','376',46),(691,'Lasse','Hartmann','Lindenstraße','377',53),(692,'Lenia','Peters','Lindenstraße','378',32),(693,'Levio','Franke','Lindenstraße','379',46),(694,'Linus','Schulte','Lindenstraße','380',61),(695,'Lotta','Wolff','Lindenstraße','381',32),(696,'Madeleine','Wagner','Lindenstraße','382',46),(697,'Malik','Lange','Lindenstraße','383',137),(698,'Markus','Hahn','Lindenstraße','384',32),(699,'Mats','Martin','Lindenstraße','385',33),(700,'Melody','Pohl','Lindenstraße','386',63),(701,'Milana','Barth','Lindenstraße','387',32),(702,'Mona','Schäfer','Lindenstraße','388',33),(703,'Nelio','Maier','Lindenstraße','389',138),(704,'Nina','Roth','Lindenstraße','390',32),(705,'Otis','Jäger','Lindenstraße','391',33),(706,'Pia','Thomas','Lindenstraße','392',34),(707,'Robin','Paul','Lindenstraße','393',32),(708,'Sam','Klein','Lindenstraße','394',33),(709,'Sila','Herrmann','Lindenstraße','395',139),(710,'Tamara','Günther','Lindenstraße','396',32),(711,'Tiara','Sommer','Lindenstraße','397',33),(712,'Valentina','Voigt','Lindenstraße','398',140),(713,'Xaver','Nagel','Lindenstraße','399',32),(714,'Zoe','Schwarz','Lindenstraße','400',33),(715,'Adin','Schäfer','Ringstraße','46',47),(716,'Alexandra','Maier','Ringstraße','47',39),(717,'Amalia','Roth','Ringstraße','48',75),(718,'Angelina','Jäger','Ringstraße','49',47),(719,'Ares','Thomas','Ringstraße','50',39),(720,'Aurora','Paul','Ringstraße','51',76),(721,'Berat','Klein','Ringstraße','52',47),(722,'Casper','Herrmann','Ringstraße','53',39),(723,'Colin','Günther','Ringstraße','54',116),(724,'Devin','Sommer','Ringstraße','55',47),(725,'Egon','Voigt','Ringstraße','56',39),(726,'Elisabeth','Nagel','Ringstraße','57',105),(727,'Emma','Schwarz','Ringstraße','58',47),(728,'Eva','Schulze','Ringstraße','59',39),(729,'Finja','Baumann','Ringstraße','60',69),(730,'Gabriel','Seidel','Ringstraße','61',45),(731,'Havin','Ernst','Ringstraße','62',39),(732,'Hussein','Schmidt','Ringstraße','63',46),(733,'Isaiah','Schmitt','Ringstraße','64',45),(734,'Janne','Weiß','Ringstraße','65',39),(735,'Johann','Simon','Ringstraße','66',46),(736,'Josef','Kuhn','Ringstraße','67',45),(737,'Kalle','Beyer','Ringstraße','68',39),(738,'Kilian','Meyer','Ringstraße','69',46),(739,'Laurin','Werner','Ringstraße','70',45),(740,'Lennard','Möller','Ringstraße','71',32),(741,'Lia','Ludwig','Ringstraße','72',46),(742,'Lionel','Engel','Ringstraße','73',45),(743,'Louie','Kern','Ringstraße','74',32),(744,'Mael','Hoffmann','Ringstraße','75',46),(745,'Malina','Krause','Ringstraße','76',45),(746,'Marlena','Schubert','Ringstraße','77',32),(747,'Matthias','Vogt','Ringstraße','78',46),(748,'Mert','Arnold','Ringstraße','79',41),(749,'Miles','Ott','Ringstraße','80',32),(750,'Mustafa','Richter','Ringstraße','81',46),(751,'Neva','Mayer','Ringstraße','82',87),(752,'Noah','Beck','Ringstraße','83',32),(753,'Palina','Groß','Ringstraße','84',46),(754,'Pola','Pfeiffer','Ringstraße','85',34),(755,'Romina','Hansen','Ringstraße','86',32),(756,'Samir','Neumann','Ringstraße','87',33),(757,'Sina','König','Ringstraße','88',141),(758,'Tammo','Lorenz','Ringstraße','89',32),(759,'Tim','Heinrich','Ringstraße','90',33),(760,'Valerie','Lindner','Ringstraße','91',142),(761,'Yaman','Müller','Ringstraße','92',32),(762,'Adrian','Bauer','Schillerstraße','35',143),(763,'Alexandros','Lehmann','Schillerstraße','36',39),(764,'Amanda','Frank','Schillerstraße','37',52),(765,'Anisa','Stein','Schillerstraße','38',143),(766,'Ari','Bergmann','Schillerstraße','39',39),(767,'Ava','Riedel','Schillerstraße','40',53),(768,'Bianca','Wolf','Schillerstraße','41',143),(769,'Cataleya','Köhler','Schillerstraße','42',39),(770,'Connor','Berger','Schillerstraße','43',36),(771,'Diana','Haas','Schillerstraße','44',143),(772,'Ela','Götz','Schillerstraße','45',39),(773,'Elise','Grimm','Schillerstraße','46',144),(774,'Emmi','Braun','Schillerstraße','47',143),(775,'Evan','Fuchs','Schillerstraße','48',39),(776,'Finley','Schuster','Schillerstraße','49',75),(777,'Gabriela','Schreiber','Schillerstraße','50',143),(778,'Hazal','Hübner','Schillerstraße','51',39),(779,'Ian','Schneider','Schillerstraße','52',76),(780,'Ismail','Hartmann','Schillerstraße','53',45),(781,'Jannes','Peters','Schillerstraße','54',39),(782,'Johanna','Franke','Schillerstraße','55',46),(783,'Josefin','Schulte','Schillerstraße','56',45),(784,'Karam','Erol','Schillerstraße','57',39),(785,'Kim','Wagner','Schillerstraße','58',46),(786,'Lavin','Lange','Schillerstraße','59',45),(787,'Lennox','Hahn','Schillerstraße','60',39),(788,'Liam','Martin','Schillerstraße','61',46),(789,'Lisa','Pohl','Schillerstraße','62',45),(790,'Louis','Barth','Schillerstraße','63',32),(791,'Magdalena','Schäfer','Schillerstraße','64',46),(792,'Malio','Maier','Schillerstraße','65',45),(793,'Marlene','Roth','Schillerstraße','66',32),(794,'Matti','Jäger','Schillerstraße','67',46),(795,'Meryem','Thomas','Schillerstraße','68',45),(796,'Miley','Paul','Schillerstraße','69',32),(797,'Nadia','Klein','Schillerstraße','70',46),(798,'Nevio','Herrmann','Schillerstraße','71',133),(799,'Noar','Günther','Schillerstraße','72',32),(800,'Patricia','Sommer','Schillerstraße','73',46),(801,'Polina','Voigt','Schillerstraße','74',34),(802,'Romy','Nagel','Schillerstraße','75',32),(803,'Samira','Schwarz','Schillerstraße','76',46),(804,'Sinan','Schulze','Schillerstraße','77',145),(805,'Tamo','Baumann','Schillerstraße','78',32),(806,'Timo','Seidel','Schillerstraße','79',33),(807,'Vanessa','Ernst','Schillerstraße','80',146),(808,'Yara','Schmidt','Schillerstraße','81',32),(809,'Aaron','Schmidt','Schulstraße','23',45),(810,'Alba','Schmitt','Schulstraße','24',32),(811,'Alison','Weiß','Schulstraße','25',46),(812,'Amira','Simon','Schulstraße','26',45),(813,'Ansgar','Kuhn','Schulstraße','27',32),(814,'Arvid','Beyer','Schulstraße','28',46),(815,'Bastian','Meyer','Schulstraße','29',94),(816,'Cara','Werner','Schulstraße','30',32),(817,'Christian','Möller','Schulstraße','31',46),(818,'Dario','Ludwig','Schulstraße','32',50),(819,'Ecrin','Engel','Schulstraße','33',32),(820,'Eliana','Kern','Schulstraße','34',46),(821,'Emil','Hoffmann','Schulstraße','35',34),(822,'Erik','Krause','Schulstraße','36',32),(823,'Felicia','Schubert','Schulstraße','37',33),(824,'Franziska','Vogt','Schulstraße','38',110),(825,'Hailey','Arnold','Schulstraße','39',32),(826,'Henriette','Ott','Schulstraße','40',33),(827,'Imran','Richter','Schulstraße','41',111),(828,'Jakub','Mayer','Schulstraße','42',32),(829,'Jasmina','Beck','Schulstraße','43',33),(830,'Jonathan','Groß','Schulstraße','44',147),(831,'Julius','Pfeiffer','Schulstraße','45',32),(832,'Keno','Hansen','Schulstraße','46',33),(833,'Kuzey','Neumann','Schulstraße','47',148),(835,'Leonora','Lorenz','Schulstraße','49',33),(836,'Lilith','Heinrich','Schulstraße','50',41),(837,'Lore','Lindner','Schulstraße','51',32),(838,'N/A','N/A','Schulstraße','52',33),(839,'Malak','Zimmermann','Schulstraße','53',149),(840,'Marian','Lang','Schulstraße','54',150),(841,'Masal','Böhm','Schulstraße','55',33),(842,'Melek','Brandt','Schulstraße','56',63),(843,'Mikail','Franz','Schulstraße','57',150),(844,'Miran','Weber','Schulstraße','58',39),(845,'Nayla','Schmid','Schulstraße','59',151),(846,'Nikola','Jung','Schulstraße','60',150),(847,'Olivia','Winter','Schulstraße','61',39),(848,'Philina','Kühn','Schulstraße','62',124),(849,'Rian','Jansen','Schulstraße','63',150),(850,'Ruth','Schulz','Schulstraße','64',39),(851,'Selim','Meier','Schulstraße','65',113),(852,'Taavi','Dere','Schulstraße','66',150),(853,'Thomas','Schumacher','Schulstraße','67',39),(854,'Tristan','Sauer','Schulstraße','68',115),(855,'Vivien','Hermann','Schulstraße','69',150),(856,'Zain','Koch','Schulstraße','70',39),(857,'Adem','Hoffmann','Waldstraße','12',152),(858,'Alexander','Krause','Waldstraße','13',39),(859,'Amal','Schubert','Waldstraße','14',69),(860,'Andrej','Vogt','Waldstraße','15',152),(861,'Aren','Arnold','Waldstraße','16',39),(862,'Aurelio','Ott','Waldstraße','17',70),(863,'Benno','Richter','Waldstraße','18',152),(864,'Caspar','Mayer','Waldstraße','19',39),(865,'Cleo','Beck','Waldstraße','20',97),(866,'Dennis','Groß','Waldstraße','21',152),(867,'Efnan','Pfeiffer','Waldstraße','22',39),(868,'Elisa','Hansen','Waldstraße','23',50),(869,'Emir','Neumann','Waldstraße','24',45),(870,'Ethan','König','Waldstraße','25',39),(871,'Fine','Lorenz','Waldstraße','26',46),(872,'Fritzi','Heinrich','Waldstraße','27',45),(873,'Hauke','Lindner','Waldstraße','28',39),(874,'Hugo','Müller','Waldstraße','29',46),(875,'Isabella','Zimmermann','Waldstraße','30',45),(876,'Janne','Lang','Waldstraße','31',39),(877,'Joel','Böhm','Waldstraße','32',46),(878,'Joscha','Brandt','Waldstraße','33',45),(879,'Kalea','Franz','Waldstraße','34',32),(880,'Kiano','Weber','Waldstraße','35',46),(881,'Laurenz','Schmid','Waldstraße','36',45),(882,'Lenn','Jung','Waldstraße','37',32),(883,'Leyla','Winter','Waldstraße','38',46),(884,'Lion','Kühn','Waldstraße','39',45),(885,'Lou','Jansen','Waldstraße','40',32),(886,'Madlen','Schulz','Waldstraße','41',46),(887,'Malin','Meier','Waldstraße','42',153),(888,'Marleen','Vogel','Waldstraße','43',32),(889,'Mattes','Schumacher','Waldstraße','44',46),(890,'Merlin','Sauer','Waldstraße','45',63),(891,'Milena','Hermann','Waldstraße','46',32),(892,'Musa','Koch','Waldstraße','47',46),(893,'Neo','Huber','Waldstraße','48',154),(894,'Nisa','Friedrich','Waldstraße','49',32),(895,'Pablo','Otto','Waldstraße','50',33),(896,'Pius','Busch','Waldstraße','51',34),(897,'Romeo','Wilhelm','Waldstraße','52',32),(898,'Sami','Schröder','Waldstraße','53',33),(899,'Simon','Walter','Waldstraße','54',155),(900,'Tamme','Winkler','Waldstraße','55',32),(901,'Till','Graf','Waldstraße','56',33),(902,'Valeria','Seifert','Waldstraße','57',156),(903,'Yahya','Schmidt','Waldstraße','58',32),(904,'Zümra','Baran','Waldstraße','59',33),(905,'Aisha','Yilmaz','Wiesenstraße','44',32),(906,'Alice','König','Wiesenstraße','45',33),(907,'Amilia','Lorenz','Wiesenstraße','46',104),(908,'Anne','Heinrich','Wiesenstraße','47',32),(909,'Aris','Lindner','Wiesenstraße','48',33),(910,'Ayliz','Mutlu','Wiesenstraße','49',37),(911,'Brian','Zimmermann','Wiesenstraße','50',32),(912,'Charlie','Lang','Wiesenstraße','51',33),(913,'Danilo','Böhm','Wiesenstraße','52',157),(914,'Dominik','Brandt','Wiesenstraße','53',32),(915,'Elenor','Franz','Wiesenstraße','54',33),(916,'Elliot','Weber','Wiesenstraße','55',116),(917,'Enola','Schmid','Wiesenstraße','56',32),(918,'Fabian','Jung','Wiesenstraße','57',33),(919,'Florian','Winter','Wiesenstraße','58',130),(920,'Gregor','Kühn','Wiesenstraße','59',158),(921,'Helena','Jansen','Wiesenstraße','60',33),(922,'Ilayda','Schulz','Wiesenstraße','61',131),(923,'Jack','Meier','Wiesenstraße','62',158),(924,'Jarno','Vogel','Wiesenstraße','63',39),(925,'Jolina','Schumacher','Wiesenstraße','64',147),(926,'Jule','Sauer','Wiesenstraße','65',158),(927,'Katharina','Hermann','Wiesenstraße','66',39),(928,'Konrad','Koch','Wiesenstraße','67',159),(929,'Leana','Huber','Wiesenstraße','68',158),(930,'Leonard','Friedrich','Wiesenstraße','69',39),(931,'Lieselotte','Otto','Wiesenstraße','70',41),(932,'Liyana','Busch','Wiesenstraße','71',158),(933,'Luciano','Wilhelm','Wiesenstraße','72',39),(934,'Mailin','Schröder','Wiesenstraße','73',160),(935,'Marc','Walter','Wiesenstraße','74',158),(936,'Martha','Winkler','Wiesenstraße','75',39),(937,'Maxim','Graf','Wiesenstraße','76',34),(938,'Mick','Seifert','Wiesenstraße','77',158),(939,'Minna','Schmidt','Wiesenstraße','78',39),(940,'Natalia','Hofmann','Wiesenstraße','79',55),(941,'Nicole','Kaiser','Wiesenstraße','80',45),(942,'Nora','Kraus','Wiesenstraße','81',39),(943,'Penelope','Ziegler','Wiesenstraße','82',46),(944,'Raya','Kramer','Wiesenstraße','83',45),(945,'Ruben','Fischer','Wiesenstraße','84',39),(946,'Santiago','Krüger','Wiesenstraße','85',46),(947,'Sophia','Scholz','Wiesenstraße','86',45),(948,'Theodor','Albrecht','Wiesenstraße','87',39),(949,'Tom','Dietrich','Wiesenstraße','88',46),(950,'Vince','Peter','Wiesenstraße','89',45),(951,'Youssef','Baran','Wiesenstraße','90',32),(952,'Ahmad','Klein','Wiesenweg','45',32),(953,'Alfred','Herrmann','Wiesenweg','46',33),(954,'Amaya','Mutlu','Wiesenweg','47',83),(955,'Anna','Sommer','Wiesenweg','48',32),(956,'Arik','Mutlu','Wiesenweg','49',33),(957,'Ayaz','Mutlu','Wiesenweg','50',84),(958,'Björn','Schwarz','Wiesenweg','51',161),(959,'Celina','Schulze','Wiesenweg','52',33),(960,'Damir','Baumann','Wiesenweg','53',144),(961,'Dina','Seidel','Wiesenweg','54',161),(962,'Eleanor','Ernst','Wiesenweg','55',39),(963,'Ella','Schmidt','Wiesenweg','56',157),(964,'Enna','Schmitt','Wiesenweg','57',161),(965,'Evi','Weiß','Wiesenweg','58',39),(966,'Flora','Simon','Wiesenweg','59',112),(967,'Giuliano','Kuhn','Wiesenweg','60',161),(968,'Hedi','Beyer','Wiesenweg','61',39),(969,'Ikra','Meyer','Wiesenweg','62',114),(970,'Ivan','Werner','Wiesenweg','63',161),(971,'Jano','Möller','Wiesenweg','64',39),(972,'John','Ludwig','Wiesenweg','65',61),(973,'Joshua','Engel','Wiesenweg','66',161),(974,'Karl','Kern','Wiesenweg','67',39),(975,'Kiyan','Hoffmann','Wiesenweg','68',153),(976,'Layla','Krause','Wiesenweg','69',161),(977,'Leo','Schubert','Wiesenweg','70',39),(978,'Liano','Vogt','Wiesenweg','71',63),(979,'Liva','Arnold','Wiesenweg','72',45),(980,'Luana','Ott','Wiesenweg','73',39),(981,'Mahir','Richter','Wiesenweg','74',46),(982,'Malte','Mayer','Wiesenweg','75',45),(983,'Marlo','Beck','Wiesenweg','76',39),(984,'Maurice','Groß','Wiesenweg','77',46),(985,'Michael','Pfeiffer','Wiesenweg','78',45),(986,'Millie','Hansen','Wiesenweg','79',39),(987,'Naim','Neumann','Wiesenweg','80',46),(988,'Nick','König','Wiesenweg','81',45),(989,'Noemi','Lorenz','Wiesenweg','82',32),(990,'Paula','Heinrich','Wiesenweg','83',46),(991,'Ragnar','Lindner','Wiesenweg','84',45),(992,'Rosalie','Müller','Wiesenweg','85',32),(993,'Sana','Zimmermann','Wiesenweg','86',46),(994,'Sofija','Lang','Wiesenweg','87',45),(995,'Thalia','Böhm','Wiesenweg','88',32),(996,'N/A','N/A','Wiesenweg','89',46),(997,'N/A','N/A','Wiesenweg','90',103);
/*!40000 ALTER TABLE `kunden` ENABLE KEYS */;
UNLOCK TABLES;

--
-- Table structure for table `orte`
--

DROP TABLE IF EXISTS `orte`;
/*!40101 SET @saved_cs_client     = @@character_set_client */;
/*!50503 SET character_set_client = utf8mb4 */;
CREATE TABLE `orte` (
  `id` int NOT NULL AUTO_INCREMENT,
  `plz` char(5) COLLATE utf8mb4_unicode_ci NOT NULL,
  `stadt` varchar(100) COLLATE utf8mb4_unicode_ci NOT NULL,
  PRIMARY KEY (`id`)
) ENGINE=InnoDB AUTO_INCREMENT=162 DEFAULT CHARSET=utf8mb4 COLLATE=utf8mb4_unicode_ci;
/*!40101 SET character_set_client = @saved_cs_client */;

--
-- Dumping data for table `orte`
--

LOCK TABLES `orte` WRITE;
/*!40000 ALTER TABLE `orte` DISABLE KEYS */;
INSERT INTO `orte` VALUES (32,'21614','Buxtehude'),(33,'22880','Wedel'),(34,'20620','Hamburg'),(35,'20115','Hamburg'),(36,'20050','Hamburg'),(37,'20642','Hamburg'),(38,'24001','Kiel'),(39,'21335','Lüneburg'),(40,'20993','Hamburg'),(41,'21337','Hamburg'),(42,'21344','Hamburg'),(43,'21695','Hamburg'),(44,'20313','Hamburg'),(45,'25421','Pinneberg'),(46,'22844','Norderstedt'),(47,'24103','Kiel'),(48,'22274','Hamburg'),(49,'20752','Hamburg'),(50,'20028','Hamburg'),(51,'20181','Hamburg'),(52,'22179','Hamburg'),(53,'20774','Hamburg'),(54,'22880','Hamburg'),(55,'21717','Hamburg'),(56,'20335','Hamburg'),(57,'21870','Hamburg'),(58,'20488','Hamburg'),(59,'22525','Hamburg'),(60,'20839','Hamburg'),(61,'20880','Hamburg'),(62,'21190','Hamburg'),(63,'21614','Hamburg'),(64,'21541','Hamburg'),(65,'24614','Kiel'),(66,'21892','Hamburg'),(67,'20510','Hamburg'),(68,'20466','Hamburg'),(69,'21989','Hamburg'),(70,'20817','Hamburg'),(71,'21168','Hamburg'),(72,'21519','Hamburg'),(73,'24410','Kiel'),(74,'22335','Hamburg'),(75,'22084','Hamburg'),(76,'20796','Hamburg'),(77,'21147','Hamburg'),(78,'21498','Hamburg'),(79,'21849','Hamburg'),(80,'22559','Hamburg'),(81,'20686','Hamburg'),(82,'24159','Kiel'),(83,'22464','Hamburg'),(84,'20708','Hamburg'),(85,'20844','Hamburg'),(86,'21059','Hamburg'),(87,'21410','Hamburg'),(88,'20539','Hamburg'),(89,'20861','Hamburg'),(90,'21212','Hamburg'),(91,'21563','Hamburg'),(92,'24567','Kiel'),(93,'21914','Hamburg'),(94,'20532','Hamburg'),(95,'22939','Hamburg'),(96,'20598','Hamburg'),(97,'20094','Hamburg'),(98,'21541','Buxtehude'),(99,'24892','Kiel'),(100,'20971','Hamburg'),(101,'21322','Hamburg'),(102,'21673','Hamburg'),(103,'20291','Hamburg'),(104,'22749','Hamburg'),(105,'20006','Hamburg'),(106,'20883','Hamburg'),(107,'21234','Hamburg'),(108,'24880','Kiel'),(109,'21585','Hamburg'),(110,'21936','Hamburg'),(111,'20554','Hamburg'),(112,'22369','Hamburg'),(113,'23034','Hamburg'),(114,'20730','Hamburg'),(115,'20576','Hamburg'),(116,'20072','Hamburg'),(117,'20159','Hamburg'),(118,'21673','Kiel'),(119,'21103','Hamburg'),(120,'20949','Hamburg'),(121,'21300','Hamburg'),(122,'21651','Hamburg'),(123,'20269','Hamburg'),(124,'20095','Hamburg'),(125,'20927','Hamburg'),(126,'24989','Kiel'),(127,'21278','Hamburg'),(128,'21629','Hamburg'),(129,'20247','Hamburg'),(130,'22654','Hamburg'),(131,'20664','Hamburg'),(132,'21037','Hamburg'),(133,'21388','Hamburg'),(134,'21454','Hamburg'),(135,'21805','Hamburg'),(136,'20423','Hamburg'),(137,'21125','Hamburg'),(138,'21476','Hamburg'),(139,'21827','Hamburg'),(140,'20445','Hamburg'),(141,'21761','Hamburg'),(142,'20379','Hamburg'),(143,'24695','Kiel'),(144,'20203','Hamburg'),(145,'21739','Hamburg'),(146,'20357','Hamburg'),(147,'22844','Hamburg'),(148,'20905','Hamburg'),(149,'21256','Hamburg'),(150,'24796','Kiel'),(151,'21607','Hamburg'),(152,'24603','Kiel'),(153,'21081','Hamburg'),(154,'21432','Hamburg'),(155,'21783','Hamburg'),(156,'20401','Hamburg'),(157,'20137','Hamburg'),(158,'24585','Kiel'),(159,'21015','Hamburg'),(160,'21366','Hamburg'),(161,'24247','Kiel');
/*!40000 ALTER TABLE `orte` ENABLE KEYS */;
UNLOCK TABLES;

--
-- Table structure for table `produkt_allergene`
--

DROP TABLE IF EXISTS `produkt_allergene`;
/*!40101 SET @saved_cs_client     = @@character_set_client */;
/*!50503 SET character_set_client = utf8mb4 */;
CREATE TABLE `produkt_allergene` (
  `id` int unsigned NOT NULL AUTO_INCREMENT,
  `produkt_id` int unsigned NOT NULL,
  `allergene_id` int unsigned NOT NULL,
  PRIMARY KEY (`id`),
  KEY `produkt_id` (`produkt_id`),
  KEY `allergene_id` (`allergene_id`),
  CONSTRAINT `produkt_allergene_ibfk_1` FOREIGN KEY (`produkt_id`) REFERENCES `produkte` (`id`),
  CONSTRAINT `produkt_allergene_ibfk_2` FOREIGN KEY (`allergene_id`) REFERENCES `allergene` (`id`)
) ENGINE=InnoDB AUTO_INCREMENT=131 DEFAULT CHARSET=utf8mb4 COLLATE=utf8mb4_unicode_ci;
/*!40101 SET character_set_client = @saved_cs_client */;

--
-- Dumping data for table `produkt_allergene`
--

LOCK TABLES `produkt_allergene` WRITE;
/*!40000 ALTER TABLE `produkt_allergene` DISABLE KEYS */;
INSERT INTO `produkt_allergene` VALUES (78,35,2),(79,36,2),(80,63,2),(81,67,2),(82,68,2),(83,69,2),(84,70,2),(85,71,2),(86,72,2),(87,73,2),(88,74,2),(89,75,2),(90,76,2),(91,77,2),(92,78,2),(93,143,2),(94,144,2),(95,146,2),(96,76,3),(97,77,3),(98,145,3),(99,146,3),(100,105,4),(101,107,4),(102,108,4),(103,109,4),(104,104,4),(105,112,4),(106,113,4),(107,116,4),(108,117,4),(109,118,4),(110,119,4),(111,120,4),(112,121,4),(113,124,4),(114,127,4),(115,128,4),(116,129,4),(117,130,4),(118,131,4),(119,132,4),(120,133,4),(121,134,4),(122,135,4),(123,136,4),(124,137,4),(125,138,4),(126,139,4),(127,140,4),(128,141,4),(129,142,4),(130,145,4);
/*!40000 ALTER TABLE `produkt_allergene` ENABLE KEYS */;
UNLOCK TABLES;

--
-- Table structure for table `produkte`
--

DROP TABLE IF EXISTS `produkte`;
/*!40101 SET @saved_cs_client     = @@character_set_client */;
/*!50503 SET character_set_client = utf8mb4 */;
CREATE TABLE `produkte` (
  `id` int unsigned NOT NULL AUTO_INCREMENT,
  `name` varchar(50) COLLATE utf8mb4_unicode_ci NOT NULL,
  `einheit` varchar(50) COLLATE utf8mb4_unicode_ci DEFAULT NULL,
  `preis` decimal(10,2) NOT NULL DEFAULT '0.00',
  PRIMARY KEY (`id`)
) ENGINE=InnoDB AUTO_INCREMENT=147 DEFAULT CHARSET=utf8mb4 COLLATE=utf8mb4_unicode_ci;
/*!40101 SET character_set_client = @saved_cs_client */;

--
-- Dumping data for table `produkte`
--

LOCK TABLES `produkte` WRITE;
/*!40000 ALTER TABLE `produkte` DISABLE KEYS */;
INSERT INTO `produkte` VALUES (1,'Ackersalat',NULL,2.50),(2,'Castelfranco',NULL,3.20),(3,'Chicoree',NULL,2.80),(4,'Eisbergsalat',NULL,1.50),(5,'Friss',NULL,3.00),(6,'Gurken',NULL,0.80),(7,'Eichblattsalat rot',NULL,2.50),(8,'Eichblattsalat hell',NULL,2.50),(9,'Kresse',NULL,1.80),(10,'Kresse rot',NULL,1.80),(11,'Lemoncresse',NULL,2.20),(12,'Affilla Kresse',NULL,2.20),(13,'Lollo Mix',NULL,2.00),(14,'Lollo bianco',NULL,2.00),(15,'Lollo rosso',NULL,2.00),(16,'Radicchio',NULL,3.50),(17,'Romana',NULL,1.80),(18,'Rucola',NULL,2.20),(19,'Datterino',NULL,3.00),(20,'Cherrytomaten',NULL,2.50),(21,'Strauchtomaten',NULL,2.80),(22,'Artischocken',NULL,4.50),(23,'Auberginen',NULL,1.20),(24,'Blumenkohl',NULL,2.00),(25,'Broccoli',NULL,1.80),(26,'Breite Bohnen',NULL,2.50),(27,'Fenchel',NULL,2.80),(28,'Frhlingszwiebel',NULL,1.50),(29,'Kenia Bohnen','250g',3.50),(30,'Krbis',NULL,2.00),(31,'Lauch',NULL,1.20),(32,'Mangold',NULL,1.80),(33,'Paprika rot',NULL,1.50),(34,'Paprika gelb',NULL,1.50),(35,'Sellerie Knolle',NULL,2.00),(36,'Sellerie Bund',NULL,1.80),(37,'Spargel grn','500g',4.50),(38,'Spargel weiss',NULL,5.00),(39,'Spargel geschlt',NULL,6.00),(40,'Spinat',NULL,2.00),(41,'Zucchini',NULL,1.20),(42,'Zuckerschoten','250g',3.50),(43,'Mini Rote Beete',NULL,2.50),(44,'Minikarotten',NULL,2.80),(45,'Minisalat ital.',NULL,2.50),(46,'Mininavette',NULL,2.50),(47,'Baby Spinat','500g',3.00),(48,'Karotten Kiste',NULL,8.00),(49,'Karotten Sack',NULL,5.00),(50,'Kohlrabi',NULL,0.80),(51,'Petersilienwurzel',NULL,1.50),(52,'Radieschen Bund',NULL,1.20),(53,'Rettich rot Bund',NULL,1.50),(54,'Rettich weiss Stck',NULL,1.80),(55,'Romanesco',NULL,2.50),(56,'Rote Beete gek.','500g',2.80),(57,'Rotkraut','10kg',12.00),(58,'Rosenkohl',NULL,2.00),(59,'Schwarzwurzel',NULL,2.50),(60,'Weisskraut','10kg',9.00),(61,'Spitzkraut',NULL,2.20),(62,'Wirsing',NULL,2.00),(63,'Austernpilze',NULL,4.50),(64,'Champignon braun',NULL,3.50),(65,'Champignon weiss',NULL,3.50),(66,'Morcheln',NULL,12.00),(67,'Kruterseitlinge',NULL,5.00),(68,'Pfifferlinge',NULL,8.00),(69,'Shitakepilze',NULL,6.00),(70,'Steinpilze',NULL,5.50),(71,'Buchenpilze',NULL,4.50),(72,'Neue Kartoffeln',NULL,3.00),(73,'Speisekartoffeln',NULL,2.00),(74,'Salatkartoffeln',NULL,2.50),(75,'Skartoffeln','6kg',5.00),(76,'Drillinge','10kg',8.00),(77,'Drillinge','25kg',18.00),(78,'Violettkartoffeln',NULL,4.00),(79,'Knoblauch','1kg',4.50),(80,'Metzgerzw.','25kg',35.00),(81,'Rote Zwiebeln gr.',NULL,3.50),(82,'Schalotten','5kg',6.00),(83,'Alfa Sprossen',NULL,2.50),(84,'Soja Sprossen',NULL,2.50),(85,'Blten Schale',NULL,4.00),(86,'Basilikum',NULL,2.50),(87,'Bohnenkraut',NULL,1.80),(88,'Brunnenkresse',NULL,2.00),(89,'Dill',NULL,1.50),(90,'Estragon',NULL,1.80),(91,'Ingwer',NULL,2.50),(92,'Zitronen Thymian',NULL,2.00),(93,'Kerbel',NULL,1.80),(94,'Koriander',NULL,1.50),(95,'Lorbeer',NULL,1.20),(96,'Minze',NULL,1.80),(97,'Petersilie glatt',NULL,1.50),(98,'Rosmarin',NULL,1.80),(99,'Salbei',NULL,1.80),(100,'Schnittlauch',NULL,1.50),(101,'Thymian',NULL,1.80),(102,'Chili scharf Schale',NULL,3.50),(103,'Ananas sweet',NULL,2.50),(104,'Apfel klein',NULL,0.50),(105,'Aprikosen',NULL,3.00),(106,'Avocado',NULL,1.20),(107,'Bananen lose',NULL,2.50),(108,'Birnen Abate',NULL,2.80),(109,'Birnen Williams kl.',NULL,2.50),(110,'Carambola Stck',NULL,3.50),(111,'Clementinen',NULL,2.00),(112,'Feigen',NULL,4.00),(113,'Granatapfel',NULL,2.50),(114,'Grapefruit',NULL,1.50),(115,'Kaki',NULL,2.00),(116,'Kirschen Kiste',NULL,8.00),(117,'Kiwi',NULL,0.50),(118,'Limetten',NULL,0.30),(119,'Mango Flugware',NULL,4.50),(120,'Nektarinen',NULL,1.50),(121,'Saftrangen','15kg',18.00),(122,'Papaya',NULL,2.50),(123,'Passionsfrucht',NULL,3.00),(124,'Pfirsiche',NULL,1.50),(125,'Physalis Schale',NULL,3.50),(126,'Pitahaya',NULL,4.00),(127,'Pflaumen',NULL,2.50),(128,'Rhabarber',NULL,2.00),(129,'Trauben blau',NULL,3.50),(130,'Trauben weiss',NULL,3.50),(131,'Zitronen gr. Kiste',NULL,15.00),(132,'Brombeeren',NULL,4.00),(133,'Erdbeeren Schale',NULL,3.50),(134,'Erdbeeren Kiste',NULL,12.00),(135,'Himbeeren',NULL,4.50),(136,'Heidelbeeren',NULL,4.00),(137,'Johannisbeeren',NULL,3.50),(138,'Stachelbeeren',NULL,3.00),(139,'Galiamelone',NULL,5.00),(140,'Honigmelone',NULL,4.50),(141,'Netzmelone',NULL,5.00),(142,'Wassermelone',NULL,6.00),(143,'Kartoffel kl. geschl.',NULL,3.50),(144,'Kartoffel gr. geschl.',NULL,4.00),(145,'Obstsalat','3kg',6.00),(146,'Kartoffelsalat','5kg',5.00);
/*!40000 ALTER TABLE `produkte` ENABLE KEYS */;
UNLOCK TABLES;
/*!40103 SET TIME_ZONE=@OLD_TIME_ZONE */;

/*!40101 SET SQL_MODE=@OLD_SQL_MODE */;
/*!40014 SET FOREIGN_KEY_CHECKS=@OLD_FOREIGN_KEY_CHECKS */;
/*!40014 SET UNIQUE_CHECKS=@OLD_UNIQUE_CHECKS */;
/*!40101 SET CHARACTER_SET_CLIENT=@OLD_CHARACTER_SET_CLIENT */;
/*!40101 SET CHARACTER_SET_RESULTS=@OLD_CHARACTER_SET_RESULTS */;
/*!40101 SET COLLATION_CONNECTION=@OLD_COLLATION_CONNECTION */;
/*!40111 SET SQL_NOTES=@OLD_SQL_NOTES */;

-- Dump completed on 2026-07-01 12:36:30
